provider,model,clean_wer,snr_20_wer,snr_10_wer,snr_5_wer,snr_0_wer,noise_deg_pp
huggingface_local,balanced,0.01960784314,0.03921568627,0.03921568627,0.03921568627,0.05882352941,3.921568627
vosk_local,en_small,0.05882352941,0.05882352941,0.09803921569,0.1764705882,1,94.11764706
whisper_local,light,0.03921568627,0.03921568627,0.07843137255,0.1764705882,0.4117647059,37.25490196
