provider,model,clean_wer,snr_20_wer,snr_10_wer,snr_5_wer,snr_0_wer,noise_deg_pp
huggingface_local,balanced,0.00796812749,0.01593625498,0.02788844622,0.02788844622,0.09163346614,8.366533865
vosk_local,en_small,0.06374501992,0.07569721116,0.1195219124,0.2310756972,0.7729083665,70.91633466
whisper_local,light,0.03984063745,0.04780876494,0.05179282869,0.1274900398,0.3466135458,30.67729084
